rule,format,replicates,z,B,tau,U,bias,vars,u_kind,accept,decision,state,replayed,reason
ADD-ZERO,bf16,4096,0.0,0.0,0.05,0.0,PASS,PASS,empirical_max,True,ACCEPT,COMPLETE,True,
MUL-ONE,bf16,4096,0.0,0.0,0.05,0.0,PASS,PASS,empirical_max,True,ACCEPT,COMPLETE,True,
DIV-ONE,bf16,4096,0.0,0.0,0.05,0.0,PASS,PASS,empirical_max,True,ACCEPT,COMPLETE,True,
DIV-MUL-RCP,bf16,4096,4314.946295966031,0.008102937590619039,0.05,22.241995219643492,PASS,FAIL,pot_pwm,False,REJECT,COMPLETE,True,
MUL-RCP-CANCEL,bf16,4096,90572.22019503855,0.05362000754650939,0.05,0.0,FAIL,PASS,empirical_max,False,REJECT,COMPLETE,True,
EXP-SUB,bf16,4096,2207.8395670724094,0.006433088924113523,0.05,1.3575203374661982,PASS,PASS,pot_pwm,True,ACCEPT,COMPLETE,True,
EXP-ZERO,bf16,4096,0.0,0.0,0.05,0.0,PASS,PASS,empirical_max,True,ACCEPT,COMPLETE,True,
LOG-MUL,bf16,,,,,,,,,False,INCONCLUSIVE,NUMERIC_EVENT,False,"log requires a > 0 and b > 0; no abs, truncation or resampling"
LOG-EXP,bf16,4096,1906.3015420192505,0.05977665684937407,0.05,0.0,FAIL,PASS,empirical_max,False,REJECT,COMPLETE,True,
MAX-COMMUTE,bf16,4096,0.0,0.0,0.05,0.0,PASS,PASS,empirical_max,True,ACCEPT,COMPLETE,True,
MAX-ASSOC,bf16,4096,0.0,0.0,0.05,0.0,PASS,PASS,empirical_max,True,ACCEPT,COMPLETE,True,
MAX-IDEM,bf16,4096,0.0,0.0,0.05,0.0,PASS,PASS,empirical_max,True,ACCEPT,COMPLETE,True,
MAX-NEG-INF,bf16,4096,0.0,0.0,0.05,0.0,PASS,PASS,empirical_max,True,ACCEPT,COMPLETE,True,
EXP-NEG-INF-SUB,bf16,4096,0.0,0.0,0.05,0.0,PASS,PASS,empirical_max,True,ACCEPT,COMPLETE,True,
ADD-ZERO,bf16_fp32,4096,0.0,0.0,0.05,0.0,PASS,PASS,empirical_max,True,ACCEPT,COMPLETE,True,
MUL-ONE,bf16_fp32,4096,0.0,0.0,0.05,0.0,PASS,PASS,empirical_max,True,ACCEPT,COMPLETE,True,
DIV-ONE,bf16_fp32,4096,0.0,0.0,0.05,0.0,PASS,PASS,empirical_max,True,ACCEPT,COMPLETE,True,
DIV-MUL-RCP,bf16_fp32,4096,0.0,0.0,0.05,1.0,PASS,PASS,empirical_max,True,ACCEPT,COMPLETE,True,
MUL-RCP-CANCEL,bf16_fp32,4096,0.0,0.0,0.05,0.0,PASS,PASS,empirical_max,True,ACCEPT,COMPLETE,True,
EXP-SUB,bf16_fp32,4096,314.84776558995617,6.225613221459333e-06,0.05,1.0003883482460112,PASS,PASS,pot_pwm,True,ACCEPT,COMPLETE,True,
EXP-ZERO,bf16_fp32,4096,0.0,0.0,0.05,0.0,PASS,PASS,empirical_max,True,ACCEPT,COMPLETE,True,
LOG-MUL,bf16_fp32,,,,,,,,,False,INCONCLUSIVE,NUMERIC_EVENT,False,"log requires a > 0 and b > 0; no abs, truncation or resampling"
LOG-EXP,bf16_fp32,4096,0.12121975843267067,7.832304840790007e-07,0.05,0.0,PASS,PASS,empirical_max,True,ACCEPT,COMPLETE,True,
MAX-COMMUTE,bf16_fp32,4096,0.0,0.0,0.05,0.0,PASS,PASS,empirical_max,True,ACCEPT,COMPLETE,True,
MAX-ASSOC,bf16_fp32,4096,0.0,0.0,0.05,0.0,PASS,PASS,empirical_max,True,ACCEPT,COMPLETE,True,
MAX-IDEM,bf16_fp32,4096,0.0,0.0,0.05,0.0,PASS,PASS,empirical_max,True,ACCEPT,COMPLETE,True,
MAX-NEG-INF,bf16_fp32,4096,0.0,0.0,0.05,0.0,PASS,PASS,empirical_max,True,ACCEPT,COMPLETE,True,
EXP-NEG-INF-SUB,bf16_fp32,4096,0.0,0.0,0.05,0.0,PASS,PASS,empirical_max,True,ACCEPT,COMPLETE,True,
ADD-ZERO,fp32,4096,0.0,0.0,0.05,0.0,PASS,PASS,empirical_max,True,ACCEPT,COMPLETE,True,
MUL-ONE,fp32,4096,0.0,0.0,0.05,0.0,PASS,PASS,empirical_max,True,ACCEPT,COMPLETE,True,
DIV-ONE,fp32,4096,0.0,0.0,0.05,0.0,PASS,PASS,empirical_max,True,ACCEPT,COMPLETE,True,
DIV-MUL-RCP,fp32,4096,0.0,0.0,0.05,1.0,PASS,PASS,empirical_max,True,ACCEPT,COMPLETE,True,
MUL-RCP-CANCEL,fp32,4096,49081.95434993186,0.04271402702374397,0.05,0.0,PASS,PASS,empirical_max,True,ACCEPT,COMPLETE,True,
EXP-SUB,fp32,4096,6284.440943165762,0.025199338099260348,0.05,2.6445596367868895,PASS,PASS,pot_pwm,True,ACCEPT,COMPLETE,True,
EXP-ZERO,fp32,4096,0.0,0.0,0.05,0.0,PASS,PASS,empirical_max,True,ACCEPT,COMPLETE,True,
LOG-MUL,fp32,,,,,,,,,False,INCONCLUSIVE,NUMERIC_EVENT,False,"log requires a > 0 and b > 0; no abs, truncation or resampling"
LOG-EXP,fp32,4096,1.9166586544414042,0.06895380710748086,0.05,0.0,INCONCLUSIVE,PASS,empirical_max,False,INCONCLUSIVE,COMPLETE,True,
MAX-COMMUTE,fp32,4096,0.0,0.0,0.05,0.0,PASS,PASS,empirical_max,True,ACCEPT,COMPLETE,True,
MAX-ASSOC,fp32,4096,0.0,0.0,0.05,0.0,PASS,PASS,empirical_max,True,ACCEPT,COMPLETE,True,
MAX-IDEM,fp32,4096,0.0,0.0,0.05,0.0,PASS,PASS,empirical_max,True,ACCEPT,COMPLETE,True,
MAX-NEG-INF,fp32,4096,0.0,0.0,0.05,0.0,PASS,PASS,empirical_max,True,ACCEPT,COMPLETE,True,
EXP-NEG-INF-SUB,fp32,4096,0.0,0.0,0.05,0.0,PASS,PASS,empirical_max,True,ACCEPT,COMPLETE,True,
ADD-ZERO,fp64_fp64_fp32,,,,,,,,,False,UNSUPPORTED,UNSUPPORTED,False,fp64-work supplement covers only ordinary division with fp32 output
MUL-ONE,fp64_fp64_fp32,,,,,,,,,False,UNSUPPORTED,UNSUPPORTED,False,fp64-work supplement covers only ordinary division with fp32 output
DIV-ONE,fp64_fp64_fp32,,,,,,,,,False,UNSUPPORTED,UNSUPPORTED,False,fp64-work supplement covers only ordinary division with fp32 output
DIV-MUL-RCP,fp64_fp64_fp32,4096,0.7558893924017035,4.432352952378688e-10,0.05,1.0,PASS,PASS,empirical_max,True,ACCEPT,COMPLETE,True,
MUL-RCP-CANCEL,fp64_fp64_fp32,,,,,,,,,False,UNSUPPORTED,UNSUPPORTED,False,fp64-work supplement covers only ordinary division with fp32 output
EXP-SUB,fp64_fp64_fp32,,,,,,,,,False,UNSUPPORTED,UNSUPPORTED,False,fp64-work supplement covers only ordinary division with fp32 output
EXP-ZERO,fp64_fp64_fp32,,,,,,,,,False,UNSUPPORTED,UNSUPPORTED,False,fp64-work supplement covers only ordinary division with fp32 output
LOG-MUL,fp64_fp64_fp32,,,,,,,,,False,UNSUPPORTED,UNSUPPORTED,False,fp64-work supplement covers only ordinary division with fp32 output
LOG-EXP,fp64_fp64_fp32,,,,,,,,,False,UNSUPPORTED,UNSUPPORTED,False,fp64-work supplement covers only ordinary division with fp32 output
MAX-COMMUTE,fp64_fp64_fp32,,,,,,,,,False,UNSUPPORTED,UNSUPPORTED,False,fp64-work supplement covers only ordinary division with fp32 output
MAX-ASSOC,fp64_fp64_fp32,,,,,,,,,False,UNSUPPORTED,UNSUPPORTED,False,fp64-work supplement covers only ordinary division with fp32 output
MAX-IDEM,fp64_fp64_fp32,,,,,,,,,False,UNSUPPORTED,UNSUPPORTED,False,fp64-work supplement covers only ordinary division with fp32 output
MAX-NEG-INF,fp64_fp64_fp32,,,,,,,,,False,UNSUPPORTED,UNSUPPORTED,False,fp64-work supplement covers only ordinary division with fp32 output
EXP-NEG-INF-SUB,fp64_fp64_fp32,,,,,,,,,False,UNSUPPORTED,UNSUPPORTED,False,fp64-work supplement covers only ordinary division with fp32 output
